x1,x2,cluster
0.7588235294117647,0.549995294117647,2
0.7588235294117647,0.549995294117647,2
0.14411764705882352,0.40391529411764704,0
0.14411764705882352,0.40391529411764704,0
0.27254588235294114,0.4754870588235294,0
0.27254588235294114,0.4754870588235294,0
0.6343105882352941,0.4284282352941176,1
0.6343105882352941,0.4284282352941176,1
0.7048988235294118,0.2970541176470588,1
0.7048988235294118,0.2970541176470588,1
0.10980235294117646,0.38920941176470586,0
0.10980235294117646,0.38920941176470586,0
0.5696047058823529,0.38038588235294113,1
0.5696047058823529,0.38038588235294113,1
0.4647058823529412,0.5392094117647058,1
0.4647058823529412,0.5392094117647058,1
0.8401882352941178,0.7137223529411765,2
0.8401882352941178,0.7137223529411765,2
0.23823529411764705,0.4235247058823529,0
0.23823529411764705,0.4235247058823529,0
0.1127435294117647,0.1970541176470588,0
0.1127435294117647,0.1970541176470588,0
0.14019294117647058,0.40195764705882353,0
0.14019294117647058,0.40195764705882353,0
0.0029411764705882353,0.36960470588235295,0
0.0029411764705882353,0.36960470588235295,0
0.7774470588235294,0.3470541176470588,1
0.7774470588235294,0.3470541176470588,1
0.793129411764706,0.6607811764705882,2
0.793129411764706,0.6607811764705882,2
0.3058823529411765,0.4480329411764706,0
0.3058823529411765,0.4480329411764706,0
-0.0029411764705882353,0.30293647058823525,0
-0.0029411764705882353,0.30293647058823525,0
0.2411764705882353,0.44607529411764707,0
0.2411764705882353,0.44607529411764707,0
0.08725176470588233,0.19509176470588233,0
0.08725176470588233,0.19509176470588233,0
0.14411764705882352,0.3274447058823529,0
0.14411764705882352,0.3274447058823529,0
0.42254588235294116,0.5470541176470588,1
0.42254588235294116,0.5470541176470588,1
0.7,0.5254870588235294,2
0.7,0.5254870588235294,2
0.09117647058823529,0.3735247058823529,0
0.09117647058823529,0.3735247058823529,0
0.7264705882352941,0.4990164705882353,2
0.7264705882352941,0.4990164705882353,2
0.16078117647058823,0.4303858823529412,0
0.16078117647058823,0.4303858823529412,0
0.12352941176470589,0.24999529411764704,0
0.12352941176470589,0.24999529411764704,0
0.5813694117647059,0.39803294117647053,1
0.5813694117647059,0.39803294117647053,1
0.48333176470588235,0.5509741176470588,1
0.48333176470588235,0.5509741176470588,1
0.37058823529411766,0.6225458823529412,1
0.37058823529411766,0.6225458823529412,1
0.10882352941176471,0.4284282352941176,0
0.10882352941176471,0.4284282352941176,0
0.13136941176470587,0.29803294117647056,0
0.13136941176470587,0.29803294117647056,0
0.55,0.5490164705882353,1
0.55,0.5490164705882353,1
0.7284282352941176,0.5999952941176471,2
0.7284282352941176,0.5999952941176471,2
0.3176470588235294,0.6088188235294117,0
0.3176470588235294,0.6088188235294117,0
0.5774494117647059,0.5745035294117646,1
0.5774494117647059,0.5745035294117646,1
0.6352941176470588,0.36862117647058823,1
0.6352941176470588,0.36862117647058823,1
0.6627435294117647,0.5607811764705882,2
0.6627435294117647,0.5607811764705882,2
0.5607811764705882,0.5843105882352941,2
0.5607811764705882,0.5843105882352941,2
0.13921411764705882,0.3362682352941176,0
0.13921411764705882,0.3362682352941176,0
0.8254823529411766,0.6901929411764706,2
0.8254823529411766,0.6901929411764706,2
0.5029411764705882,0.5931341176470588,1
0.5029411764705882,0.5931341176470588,1
0.29215529411764707,0.5637223529411765,0
0.29215529411764707,0.5637223529411765,0
0.13627294117647057,0.3343105882352941,0
0.13627294117647057,0.3343105882352941,0
0.22842823529411763,0.4480329411764706,0
0.22842823529411763,0.4480329411764706,0
0.40489882352941176,0.4970541176470588,0
0.40489882352941176,0.4970541176470588,0
0.6676470588235294,0.31567999999999996,1
0.6676470588235294,0.31567999999999996,1
0.1892141176470588,0.3627388235294117,0
0.1892141176470588,0.3627388235294117,0
0.03823529411764706,0.37646588235294115,0
0.03823529411764706,0.37646588235294115,0
0.7480352941176471,0.5382305882352941,2
0.7480352941176471,0.5382305882352941,2
0.7637176470588236,0.5509741176470588,2
0.7637176470588236,0.5509741176470588,2
0.8950941176470587,0.6058776470588235,2
0.8950941176470587,0.6058776470588235,2
0.6725458823529412,0.35195764705882354,2
0.6725458823529412,0.35195764705882354,2
0.6970588235294117,0.40685647058823526,1
0.6970588235294117,0.40685647058823526,1
-0.01764705882352941,0.1647011764705882,0
-0.01764705882352941,0.1647011764705882,0
0.39705882352941174,0.6284282352941176,1
0.39705882352941174,0.6284282352941176,1
-0.10784470588235295,0.13528941176470585,0
-0.10784470588235295,0.13528941176470585,0
0.7813647058823531,0.6676423529411765,2
0.7813647058823531,0.6676423529411765,2
0.2696047058823529,0.41960470588235294,0
0.2696047058823529,0.41960470588235294,0
0.46862588235294117,0.5548988235294118,1
0.46862588235294117,0.5548988235294118,1
0.12352941176470589,0.32156235294117647,0
0.12352941176470589,0.32156235294117647,0
0.17647058823529413,0.3186211764705882,0
0.17647058823529413,0.3186211764705882,0
0.3048988235294117,0.6460752941176471,1
0.3048988235294117,0.6460752941176471,1
0.11862588235294116,0.4166635294117647,0
0.11862588235294116,0.4166635294117647,0
0.6803905882352941,0.5431341176470588,2
0.6803905882352941,0.5431341176470588,2
0.4323529411764706,0.549995294117647,1
0.4323529411764706,0.549995294117647,1
0.1627435294117647,0.3529364705882353,0
0.1627435294117647,0.3529364705882353,0
0.4627435294117647,0.4696047058823529,1
0.4627435294117647,0.4696047058823529,1
0.6137223529411765,0.3048988235294117,1
0.6137223529411765,0.3048988235294117,1
0.6352941176470588,0.5264658823529411,2
0.6352941176470588,0.5264658823529411,2
0.2950964705882353,0.3774447058823529,0
0.2950964705882353,0.3774447058823529,0
0.961764705882353,0.7686258823529412,2
0.961764705882353,0.7686258823529412,2
0.8666588235294118,0.7225458823529411,2
0.8666588235294118,0.7225458823529411,2
0.2931341176470588,0.6245035294117647,0
0.2931341176470588,0.6245035294117647,0
0.6137223529411765,0.47156235294117643,1
0.6137223529411765,0.47156235294117643,1
0.28136941176470587,0.5097976470588235,0
0.28136941176470587,0.5097976470588235,0
0.49411764705882355,0.49803294117647057,1
0.49411764705882355,0.49803294117647057,1
0.5274494117647058,0.5401929411764705,1
0.5274494117647058,0.5401929411764705,1
0.16568470588235293,0.2715623529411764,0
0.16568470588235293,0.2715623529411764,0
0.09607529411764705,0.2892094117647058,0
0.09607529411764705,0.2892094117647058,0
0.23627294117647057,0.4303858823529412,0
0.23627294117647057,0.4303858823529412,0
0.6127435294117647,0.35881882352941175,1
0.6127435294117647,0.35881882352941175,1
0.43333176470588236,0.603915294117647,0
0.43333176470588236,0.603915294117647,0
0.7156847058823529,0.4166635294117647,2
0.7156847058823529,0.4166635294117647,2
0.3480376470588235,0.36372235294117644,0
0.3480376470588235,0.36372235294117644,0
-0.06863058823529414,0.2647011764705882,0
-0.06863058823529414,0.2647011764705882,0
0.8166588235294119,0.7166635294117647,2
0.8166588235294119,0.7166635294117647,2
0.7254870588235294,0.5509741176470588,2
0.7254870588235294,0.5509741176470588,2
0.5058823529411764,0.5107811764705882,1
0.5058823529411764,0.5107811764705882,1
0.5901929411764706,0.3558776470588235,1
0.5901929411764706,0.3558776470588235,1
0.4088235294117647,0.6215623529411765,1
0.4088235294117647,0.6215623529411765,1
0.5480376470588235,0.5794070588235294,1
0.5480376470588235,0.5794070588235294,1
0.5264705882352941,0.4058776470588235,1
0.5264705882352941,0.4058776470588235,1
0.3019576470588235,0.39117176470588233,0
0.3019576470588235,0.39117176470588233,0
0.3784282352941176,0.5382305882352941,1
0.3784282352941176,0.5382305882352941,1
0.1431341176470588,0.40784,0
0.1431341176470588,0.40784,0
0.022545882352941162,0.299995294117647,0
0.022545882352941162,0.299995294117647,0
0.4745082352941176,0.36960470588235295,1
0.4745082352941176,0.36960470588235295,1
0.27254588235294114,0.39117176470588233,0
0.27254588235294114,0.39117176470588233,0
0.2715670588235294,0.38332705882352935,0
0.2715670588235294,0.38332705882352935,0
-0.04411764705882353,0.06567999999999997,0
-0.04411764705882353,0.06567999999999997,0
0.45392,0.5127388235294117,1
0.45392,0.5127388235294117,1
0.08627294117647058,0.4313694117647059,0
0.08627294117647058,0.4313694117647059,0
1.0421529411764705,0.7666611764705883,2
1.0421529411764705,0.7666611764705883,2
0.8558823529411764,0.6921505882352941,2
0.8558823529411764,0.6921505882352941,2
0.24803764705882353,0.3950917647058823,0
0.24803764705882353,0.3950917647058823,0
0.22254588235294115,0.36567999999999995,0
0.22254588235294115,0.36567999999999995,0
0.3058823529411765,0.3990164705882353,0
0.3058823529411765,0.3990164705882353,0
0.5794117647058824,0.4911717647058823,1
0.5794117647058824,0.4911717647058823,1
0.1,0.47450352941176466,0
0.1,0.47450352941176466,0
0.10882352941176471,0.22646588235294116,0
0.10882352941176471,0.22646588235294116,0
-0.001962352941176478,0.24509176470588231,0
-0.001962352941176478,0.24509176470588231,0
0.8264705882352941,0.5892094117647059,2
0.8264705882352941,0.5892094117647059,2
0.6107811764705883,0.38038588235294113,1
0.6107811764705883,0.38038588235294113,1
0.5411764705882353,0.4833270588235294,1
0.5411764705882353,0.4833270588235294,1
0.03235294117647059,0.25489882352941173,0
0.03235294117647059,0.25489882352941173,0
0.7696000000000001,0.6490164705882353,2
0.7696000000000001,0.6490164705882353,2
0.45588235294117646,0.5225458823529412,1
0.45588235294117646,0.5225458823529412,1
0.1264705882352941,0.30293647058823525,0
0.1264705882352941,0.30293647058823525,0
0.22647058823529412,0.47646588235294113,0
0.22647058823529412,0.47646588235294113,0
0.04019294117647057,0.16567999999999997,0
0.04019294117647057,0.16567999999999997,0
0.5950964705882353,0.38332705882352935,1
0.5950964705882353,0.38332705882352935,1
0.6803905882352941,0.4480329411764706,1
0.6803905882352941,0.4480329411764706,1
0.5343105882352941,0.4597976470588235,1
0.5343105882352941,0.4597976470588235,1
0.3352941176470588,0.6176423529411764,1
0.3352941176470588,0.6176423529411764,1
0.7941176470588235,0.5568564705882353,2
0.7941176470588235,0.5568564705882353,2
0.7274494117647059,0.5627388235294117,2
0.7274494117647059,0.5627388235294117,2
0.4745082352941176,0.4480329411764706,1
0.4745082352941176,0.4480329411764706,1
0.27058823529411763,0.32646588235294116,0
0.27058823529411763,0.32646588235294116,0
0.7235294117647059,0.3823482352941176,1
0.7235294117647059,0.3823482352941176,1
-0.07157176470588236,0.25783999999999996,0
-0.07157176470588236,0.25783999999999996,0
0.4254870588235294,0.5097976470588235,1
0.4254870588235294,0.5097976470588235,1
0.07254588235294117,0.23136941176470588,0
0.07254588235294117,0.23136941176470588,0
0.6235294117647059,0.3558776470588235,1
0.6235294117647059,0.3558776470588235,1
0.35980235294117646,0.6323482352941177,1
0.35980235294117646,0.6323482352941177,1
0.7235294117647059,0.6097976470588234,2
0.7235294117647059,0.6097976470588234,2
0.8137176470588237,0.6637223529411764,2
0.8137176470588237,0.6637223529411764,2
0.9186235294117646,0.6931341176470588,2
0.9186235294117646,0.6931341176470588,2
0.4,0.6107811764705883,0
0.4,0.6107811764705883,0
0.20489882352941174,0.3921505882352941,0
0.20489882352941174,0.3921505882352941,0
0.09705882352941177,0.3852894117647059,0
0.09705882352941177,0.3852894117647059,0
0.34901647058823526,0.7009741176470587,1
0.34901647058823526,0.7009741176470587,1
0.28333176470588234,0.40784,0
0.28333176470588234,0.40784,0
-0.06274823529411766,0.17156235294117644,0
-0.06274823529411766,0.17156235294117644,0
0.5372517647058823,0.32156235294117647,1
0.5372517647058823,0.32156235294117647,1
0.08431058823529411,0.28528941176470585,0
0.08431058823529411,0.28528941176470585,0
0.8803882352941176,0.7568611764705883,2
0.8803882352941176,0.7568611764705883,2
0.12352941176470589,0.4186211764705882,0
0.12352941176470589,0.4186211764705882,0
0.619604705882353,0.4254870588235294,2
0.619604705882353,0.4254870588235294,2
0.2901929411764706,0.4686211764705882,1
0.2901929411764706,0.4686211764705882,1
0.45097882352941177,0.549995294117647,1
0.45097882352941177,0.549995294117647,1
0.17058823529411765,0.4313694117647059,0
0.17058823529411765,0.4313694117647059,0
0.7137223529411765,0.6176423529411764,2
0.7137223529411765,0.6176423529411764,2
0.36960470588235295,0.6715623529411764,0
0.36960470588235295,0.6715623529411764,0
0.35294117647058826,0.5480329411764706,0
0.35294117647058826,0.5480329411764706,0
0.5088235294117647,0.542150588235294,1
0.5088235294117647,0.542150588235294,1
0.5127435294117647,0.45783999999999997,1
0.5127435294117647,0.45783999999999997,1
0.08725176470588233,0.42254588235294116,0
0.08725176470588233,0.42254588235294116,0
0.2696047058823529,0.34901647058823526,0
0.2696047058823529,0.34901647058823526,0
0.7284282352941176,0.5048988235294117,2
0.7284282352941176,0.5048988235294117,2
0.00489882352941175,0.20195764705882352,0
0.00489882352941175,0.20195764705882352,0
0.6823529411764706,0.3647011764705882,1
0.6823529411764706,0.3647011764705882,1
0.5186258823529412,0.5097976470588235,1
0.5186258823529412,0.5097976470588235,1
0.5843105882352941,0.30784,1
0.5843105882352941,0.30784,1
0.3764705882352941,0.6205835294117646,1
0.3764705882352941,0.6205835294117646,1
0.70392,0.6215623529411765,2
0.70392,0.6215623529411765,2
0.4254870588235294,0.4509741176470588,1
0.4254870588235294,0.4509741176470588,1
0.15097882352941175,0.46568,0
0.15097882352941175,0.46568,0
-0.0656894117647059,0.10391529411764702,0
-0.0656894117647059,0.10391529411764702,0
0.4647058823529412,0.50784,1
0.4647058823529412,0.50784,1
0.7676470588235295,0.5254870588235294,2
0.7676470588235295,0.5254870588235294,2
-0.015689411764705896,0.25685647058823524,0
-0.015689411764705896,0.25685647058823524,0
0.3343105882352941,0.5264658823529411,1
0.3343105882352941,0.5264658823529411,1
0.45783999999999997,0.56568,0
0.45783999999999997,0.56568,0
0.7656823529411764,0.26372235294117646,1
0.7656823529411764,0.26372235294117646,1
0.40294117647058825,0.6245035294117647,1
0.40294117647058825,0.6245035294117647,1
0.1892141176470588,0.4431341176470588,0
0.1892141176470588,0.4431341176470588,0
0.7019576470588235,0.5362682352941176,2
0.7019576470588235,0.5362682352941176,2
0.22744941176470587,0.3166635294117647,0
0.22744941176470587,0.3166635294117647,0
0.1715670588235294,0.33332705882352937,0
0.1715670588235294,0.33332705882352937,0
0.3686258823529412,0.5637223529411765,1
0.3686258823529412,0.5637223529411765,1
0.3196047058823529,0.4431341176470588,0
0.3196047058823529,0.4431341176470588,0
0.04019294117647057,0.4058776470588235,0
0.04019294117647057,0.4058776470588235,0
0.1254870588235294,0.4313694117647059,0
0.1254870588235294,0.4313694117647059,0
0.50784,0.4705835294117647,1
0.50784,0.4705835294117647,1
0.00489882352941175,0.12058352941176469,0
0.00489882352941175,0.12058352941176469,0
0.7323529411764705,0.5588188235294117,2
0.7323529411764705,0.5588188235294117,2
0.24411764705882352,0.42254588235294116,0
0.24411764705882352,0.42254588235294116,0
0.711764705882353,0.303915294117647,1
0.711764705882353,0.303915294117647,1
0.565684705882353,0.5225458823529412,1
0.565684705882353,0.5225458823529412,1
0.9156823529411764,0.653915294117647,2
0.9156823529411764,0.653915294117647,2
0.6558823529411765,0.2558776470588235,2
0.6558823529411765,0.2558776470588235,2
0.38823529411764707,0.5676423529411765,1
0.38823529411764707,0.5676423529411765,1
0.6294117647058823,0.4558776470588235,1
0.6294117647058823,0.4558776470588235,1
0.8901882352941177,0.8078376470588234,2
0.8901882352941177,0.8078376470588234,2
0.44215529411764704,0.5411717647058824,0
0.44215529411764704,0.5411717647058824,0
0.36176470588235293,0.49999529411764704,0
0.36176470588235293,0.49999529411764704,0
0.85,0.4970541176470588,2
0.85,0.4970541176470588,2
0.11078117647058822,0.33038588235294114,0
0.11078117647058822,0.33038588235294114,0
0.37058823529411766,0.37646588235294115,0
0.37058823529411766,0.37646588235294115,0
0.35784,0.5852894117647058,1
0.35784,0.5852894117647058,1
0.1588235294117647,0.49607529411764706,0
0.1588235294117647,0.49607529411764706,0
0.08921411764705882,0.4029364705882353,0
0.08921411764705882,0.4029364705882353,0
-0.04216000000000002,0.0970541176470588,0
-0.04216000000000002,0.0970541176470588,0
0.6392141176470588,0.3774447058823529,2
0.6392141176470588,0.3774447058823529,2
0.592155294117647,0.45391529411764703,1
0.592155294117647,0.45391529411764703,1
0.7539176470588236,0.653915294117647,2
0.7539176470588236,0.653915294117647,2
0.6509788235294117,0.45391529411764703,2
0.6509788235294117,0.45391529411764703,2
0.5068611764705883,0.4411717647058823,1
0.5068611764705883,0.4411717647058823,1
0.14215529411764705,0.3382305882352941,0
0.14215529411764705,0.3382305882352941,0
0.058823529411764705,0.2166635294117647,0
0.058823529411764705,0.2166635294117647,0
0.3450964705882353,0.5568564705882353,0
0.3450964705882353,0.5568564705882353,0
0.20489882352941174,0.5470541176470588,0
0.20489882352941174,0.5470541176470588,0
0.9235294117647059,0.734310588235294,2
0.9235294117647059,0.734310588235294,2
0.2431341176470588,0.4097976470588235,0
0.2431341176470588,0.4097976470588235,0
0.5392141176470588,0.37156235294117645,1
0.5392141176470588,0.37156235294117645,1
0.2735294117647059,0.5245035294117647,0
0.2735294117647059,0.5245035294117647,0
0.16568470588235293,0.46273882352941176,0
0.16568470588235293,0.46273882352941176,0
0.3450964705882353,0.51176,0
0.3450964705882353,0.51176,0
0.3931341176470588,0.5941129411764705,1
0.3931341176470588,0.5941129411764705,1
0.30686117647058825,0.4519576470588235,0
0.30686117647058825,0.4519576470588235,0
0.061764705882352944,0.3068564705882353,0
0.061764705882352944,0.3068564705882353,0
0.2598023529411765,0.7745082352941176,1
0.2598023529411765,0.7745082352941176,1
0.07254588235294117,0.4794070588235294,0
0.07254588235294117,0.4794070588235294,0
0.1676470588235294,0.2764658823529412,0
0.1676470588235294,0.2764658823529412,0
0.3686258823529412,0.5627388235294117,1
0.3686258823529412,0.5627388235294117,1
0.5,0.6058776470588235,0
0.5,0.6058776470588235,0
0.04313411764705881,0.2715623529411764,0
0.04313411764705881,0.2715623529411764,0
0.3196047058823529,0.5303858823529412,0
0.3196047058823529,0.5303858823529412,0
0.2627435294117647,0.48234823529411763,0
0.2627435294117647,0.48234823529411763,0
0.13725176470588235,0.23136941176470588,0
0.13725176470588235,0.23136941176470588,0
0.1519576470588235,0.46176,0
0.1519576470588235,0.46176,0
0.5009788235294118,0.35784,1
0.5009788235294118,0.35784,1
0.843129411764706,0.66176,2
0.843129411764706,0.66176,2
0.15783999999999998,0.41470117647058824,0
0.15783999999999998,0.41470117647058824,0
0.2,0.2794070588235294,0
0.2,0.2794070588235294,0
0.2980376470588235,0.2872517647058823,0
0.2980376470588235,0.2872517647058823,0
0.5911764705882353,0.41372235294117643,1
0.5911764705882353,0.41372235294117643,1
0.6676470588235294,0.4833270588235294,2
0.6676470588235294,0.4833270588235294,2
0.6147058823529412,0.2872517647058823,2
0.6147058823529412,0.2872517647058823,2
0.3127435294117647,0.5970541176470588,0
0.3127435294117647,0.5970541176470588,0
0.5852941176470589,0.4382305882352941,2
0.5852941176470589,0.4382305882352941,2
0.28921411764705884,0.42254588235294116,0
0.28921411764705884,0.42254588235294116,0
0.31372235294117645,0.5666635294117647,0
0.31372235294117645,0.5666635294117647,0
0.7372470588235294,0.33528941176470584,1
0.7372470588235294,0.33528941176470584,1
0.23529411764705882,0.38920941176470586,0
0.23529411764705882,0.38920941176470586,0
0.08431058823529411,0.31764235294117643,0
0.08431058823529411,0.31764235294117643,0
0.3862729411764706,0.6333270588235294,0
0.3862729411764706,0.6333270588235294,0
0.24901647058823528,0.40489882352941176,0
0.24901647058823528,0.40489882352941176,0
0.5901929411764706,0.41960470588235294,2
0.5901929411764706,0.41960470588235294,2
0.35784,0.6058776470588235,0
0.35784,0.6058776470588235,0
0.6931341176470588,0.3382305882352941,2
0.6931341176470588,0.3382305882352941,2
0.19705882352941176,0.36862117647058823,0
0.19705882352941176,0.36862117647058823,0
0.12058823529411765,0.3431341176470588,0
0.12058823529411765,0.3431341176470588,0
0.36470588235294116,0.5411717647058824,0
0.36470588235294116,0.5411717647058824,0
0.1950964705882353,0.41568,0
0.1950964705882353,0.41568,0
0.4696047058823529,0.5725458823529411,1
0.4696047058823529,0.5725458823529411,1
0.1950964705882353,0.5843105882352941,0
0.1950964705882353,0.5843105882352941,0
0.41960470588235294,0.6097976470588234,1
0.41960470588235294,0.6097976470588234,1
0.1715670588235294,0.3931341176470588,0
0.1715670588235294,0.3931341176470588,0
0.09019294117647057,0.29509176470588233,0
0.09019294117647057,0.29509176470588233,0
0.42744941176470586,0.5470541176470588,1
0.42744941176470586,0.5470541176470588,1
0.07647058823529412,0.40881882352941173,0
0.07647058823529412,0.40881882352941173,0
0.023529411764705882,0.33528941176470584,0
0.023529411764705882,0.33528941176470584,0
0.21078117647058822,0.40391529411764704,0
0.21078117647058822,0.40391529411764704,0
0.45392,0.4333270588235294,1
0.45392,0.4333270588235294,1
0.5872517647058824,0.5735247058823529,2
0.5872517647058824,0.5735247058823529,2
0.7911764705882353,0.16567999999999997,1
0.7911764705882353,0.16567999999999997,1
0.6686258823529412,0.46568,1
0.6686258823529412,0.46568,1
0.01862588235294117,0.41372235294117643,0
0.01862588235294117,0.41372235294117643,0
0.24705882352941178,0.3931341176470588,0
0.24705882352941178,0.3931341176470588,0
0.30391999999999997,0.4343105882352941,0
0.30391999999999997,0.4343105882352941,0
0.18725176470588234,0.32352470588235294,0
0.18725176470588234,0.32352470588235294,0
0.4186258823529412,0.6107811764705883,1
0.4186258823529412,0.6107811764705883,1
0.16960470588235294,0.3784282352941176,0
0.16960470588235294,0.3784282352941176,0
0.1411764705882353,0.38038588235294113,0
0.1411764705882353,0.38038588235294113,0
0.2166635294117647,0.3401929411764706,0
0.2166635294117647,0.3401929411764706,0
0.22450823529411765,0.4686211764705882,0
0.22450823529411765,0.4686211764705882,0
0.4,0.6990164705882352,1
0.4,0.6990164705882352,1
0.06764705882352941,0.37646588235294115,0
0.06764705882352941,0.37646588235294115,0
0.31470588235294117,0.49803294117647057,1
0.31470588235294117,0.49803294117647057,1
0.06960470588235293,0.1970541176470588,0
0.06960470588235293,0.1970541176470588,0
0.14411764705882352,0.4382305882352941,0
0.14411764705882352,0.4382305882352941,0
0.48333176470588235,0.4274447058823529,1
0.48333176470588235,0.4274447058823529,1
0.7627411764705881,0.6627388235294117,2
0.7627411764705881,0.6627388235294117,2
0.2519576470588235,0.4029364705882353,0
0.2519576470588235,0.4029364705882353,0
0.5647058823529412,0.4411717647058823,1
0.5647058823529412,0.4411717647058823,1
0.6352941176470588,0.56568,1
0.6352941176470588,0.56568,1
0.06568470588235294,0.29117176470588235,0
0.06568470588235294,0.29117176470588235,0
0.28823529411764703,0.36862117647058823,0
0.28823529411764703,0.36862117647058823,0
0.23333176470588235,0.5431341176470588,0
0.23333176470588235,0.5431341176470588,0
0.2803905882352941,0.5225458823529412,0
0.2803905882352941,0.5225458823529412,0
0.5548988235294118,0.6803858823529412,1
0.5548988235294118,0.6803858823529412,1
0.37941176470588234,0.542150588235294,1
0.37941176470588234,0.542150588235294,1
0.43823529411764706,0.7774494117647058,1
0.43823529411764706,0.7774494117647058,1
0.1166635294117647,0.36567999999999995,0
0.1166635294117647,0.36567999999999995,0
0.2568611764705882,0.4637223529411765,0
0.2568611764705882,0.4637223529411765,0
0.4627435294117647,0.46764235294117645,1
0.4627435294117647,0.46764235294117645,1
0.0627435294117647,0.34411294117647057,0
0.0627435294117647,0.34411294117647057,0
0.35294117647058826,0.5009741176470588,0
0.35294117647058826,0.5009741176470588,0
0.8303882352941175,0.6215623529411765,2
0.8303882352941175,0.6215623529411765,2
0.2235294117647059,0.28136941176470587,0
0.2235294117647059,0.28136941176470587,0
0.02450823529411764,0.3097976470588235,0
0.02450823529411764,0.3097976470588235,0
0.6431341176470589,0.39803294117647053,1
0.6431341176470589,0.39803294117647053,1
0.11960470588235293,0.25783999999999996,0
0.11960470588235293,0.25783999999999996,0
0.8156823529411764,0.6382305882352941,2
0.8156823529411764,0.6382305882352941,2
0.5098023529411765,0.5362682352941176,1
0.5098023529411765,0.5362682352941176,1
0.16078117647058823,0.4058776470588235,0
0.16078117647058823,0.4058776470588235,0
0.6392141176470588,0.42646588235294114,2
0.6392141176470588,0.42646588235294114,2
0.1431341176470588,0.3294070588235294,0
0.1431341176470588,0.3294070588235294,0
0.44607529411764707,0.5411717647058824,0
0.44607529411764707,0.5411717647058824,0
0.3048988235294117,0.3843105882352941,0
0.3048988235294117,0.3843105882352941,0
0.6627435294117647,0.5490164705882353,2
0.6627435294117647,0.5490164705882353,2
0.7705882352941177,0.4882305882352941,2
0.7705882352941177,0.4882305882352941,2
0.4392141176470588,0.47744470588235294,1
0.4392141176470588,0.47744470588235294,1
-0.06960941176470589,0.2097976470588235,0
-0.06960941176470589,0.2097976470588235,0
0.6048988235294117,0.38136941176470585,1
0.6048988235294117,0.38136941176470585,1
0.05489882352941175,0.3068564705882353,0
0.05489882352941175,0.3068564705882353,0
0.6186258823529411,0.3774447058823529,1
0.6186258823529411,0.3774447058823529,1
0.9794117647058823,0.8186258823529412,2
0.9794117647058823,0.8186258823529412,2
0.26862588235294116,0.5235247058823529,0
0.26862588235294116,0.5235247058823529,0
0.13627294117647057,0.31372235294117645,0
0.13627294117647057,0.31372235294117645,0
0.019604705882352927,0.2833270588235294,0
0.019604705882352927,0.2833270588235294,0
0.17352941176470588,0.3647011764705882,0
0.17352941176470588,0.3647011764705882,0
0.13627294117647057,0.3245035294117647,0
0.13627294117647057,0.3245035294117647,0
0.7313647058823529,0.5254870588235294,2
0.7313647058823529,0.5254870588235294,2
0.16568470588235293,0.26764235294117644,0
0.16568470588235293,0.26764235294117644,0
0.10686117647058822,0.35784,0
0.10686117647058822,0.35784,0
0.23136941176470588,0.3225458823529412,0
0.23136941176470588,0.3225458823529412,0
0.1950964705882353,0.3705835294117647,0
0.1950964705882353,0.3705835294117647,0
0.5548988235294118,0.3431341176470588,1
0.5548988235294118,0.3431341176470588,1
0.45980235294117644,0.4696047058823529,0
0.45980235294117644,0.4696047058823529,0
0.6460752941176471,0.47254588235294115,2
0.6460752941176471,0.47254588235294115,2
0.4127435294117647,0.5735247058823529,0
0.4127435294117647,0.5735247058823529,0
0.6784282352941177,0.5382305882352941,2
0.6784282352941177,0.5382305882352941,2
0.3980376470588235,0.649995294117647,1
0.3980376470588235,0.649995294117647,1
0.10489882352941175,0.3401929411764706,0
0.10489882352941175,0.3401929411764706,0
0.888235294117647,0.6431341176470589,2
0.888235294117647,0.6431341176470589,2
0.5372517647058823,0.5784282352941177,1
0.5372517647058823,0.5784282352941177,1
0.23529411764705882,0.4235247058823529,0
0.23529411764705882,0.4235247058823529,0
0.16078117647058823,0.41175999999999996,0
0.16078117647058823,0.41175999999999996,0
0.20588235294117646,0.5127388235294117,0
0.20588235294117646,0.5127388235294117,0
0.5117647058823529,0.47842823529411765,1
0.5117647058823529,0.47842823529411765,1
0.18627294117647059,0.3627388235294117,0
0.18627294117647059,0.3627388235294117,0
0.24019294117647058,0.26078117647058824,0
0.24019294117647058,0.26078117647058824,0
0.2852941176470588,0.3558776470588235,0
0.2852941176470588,0.3558776470588235,0
0.38529411764705884,0.5607811764705882,1
0.38529411764705884,0.5607811764705882,1
0.48333176470588235,0.5597976470588235,0
0.48333176470588235,0.5597976470588235,0
0.6303905882352941,0.5676423529411765,2
0.6303905882352941,0.5676423529411765,2
0.6029411764705882,0.40685647058823526,1
0.6029411764705882,0.40685647058823526,1
0.10686117647058822,0.4333270588235294,0
0.10686117647058822,0.4333270588235294,0
0.5088235294117647,0.5068564705882352,1
0.5088235294117647,0.5068564705882352,1
0.6156847058823529,0.5450917647058823,2
0.6156847058823529,0.5450917647058823,2
0.3480376470588235,0.5303858823529412,1
0.3480376470588235,0.5303858823529412,1
0.7294117647058823,0.5705835294117647,2
0.7294117647058823,0.5705835294117647,2
0.06568470588235294,0.3068564705882353,0
0.06568470588235294,0.3068564705882353,0
1.0088235294117647,0.7284282352941176,2
1.0088235294117647,0.7284282352941176,2
0.45,0.4529364705882353,0
0.45,0.4529364705882353,0
0.8205882352941176,0.6205835294117646,2
0.8205882352941176,0.6205835294117646,2
0.21078117647058822,0.8568611764705882,1
0.21078117647058822,0.8568611764705882,1
0.35980235294117646,0.5980329411764705,0
0.35980235294117646,0.5980329411764705,0
0.5548988235294118,0.39117176470588233,1
0.5548988235294118,0.39117176470588233,1
0.7764705882352941,0.5225458823529412,2
0.7764705882352941,0.5225458823529412,2
0.6205882352941177,0.22940705882352938,1
0.6205882352941177,0.22940705882352938,1
0.20588235294117646,0.2970541176470588,0
0.20588235294117646,0.2970541176470588,0
0.774505882352941,0.6754870588235294,2
0.774505882352941,0.6754870588235294,2
0.8725411764705884,0.542150588235294,2
0.8725411764705884,0.542150588235294,2
0.27058823529411763,0.49607529411764706,0
0.27058823529411763,0.49607529411764706,0
0.01666352941176469,0.22156235294117643,0
0.01666352941176469,0.22156235294117643,0
0.34215529411764706,0.5127388235294117,1
0.34215529411764706,0.5127388235294117,1
0.8127411764705882,0.6637223529411764,2
0.8127411764705882,0.6637223529411764,2
0.5372517647058823,0.3950917647058823,1
0.5372517647058823,0.3950917647058823,1
0.396075294117647,0.6872517647058823,1
0.396075294117647,0.6872517647058823,1
0.24411764705882352,0.44999529411764705,0
0.24411764705882352,0.44999529411764705,0
-0.03137411764705883,0.2343105882352941,0
-0.03137411764705883,0.2343105882352941,0
-0.007844705882352948,0.16764235294117644,0
-0.007844705882352948,0.16764235294117644,0
0.3607811764705882,0.603915294117647,0
0.3607811764705882,0.603915294117647,0
0.5450964705882353,0.5774447058823529,0
0.5450964705882353,0.5774447058823529,0
0.20294117647058824,0.33136941176470586,0
0.20294117647058824,0.33136941176470586,0
0.7441176470588236,0.37254588235294117,1
0.7441176470588236,0.37254588235294117,1
0.9519529411764707,0.6803858823529412,2
0.9519529411764707,0.6803858823529412,2
0.4813694117647059,0.3627388235294117,1
0.4813694117647059,0.3627388235294117,1
0.13921411764705882,0.24901647058823528,0
0.13921411764705882,0.24901647058823528,0
0.30097882352941174,0.4941129411764706,0
0.30097882352941174,0.4941129411764706,0
0.3235294117647059,0.5009741176470588,0
0.3235294117647059,0.5009741176470588,0
0.5784282352941177,0.43528941176470587,1
0.5784282352941177,0.43528941176470587,1
0.16960470588235294,0.4333270588235294,0
0.16960470588235294,0.4333270588235294,0
0.08333176470588234,0.34411294117647057,0
0.08333176470588234,0.34411294117647057,0
0.881364705882353,0.734310588235294,2
0.881364705882353,0.734310588235294,2
0.06764705882352941,0.2666635294117647,0
0.06764705882352941,0.2666635294117647,0
0.3166635294117647,0.4833270588235294,1
0.3166635294117647,0.4833270588235294,1
0.8107764705882354,0.3323482352941176,1
0.8107764705882354,0.3323482352941176,1
0.10489882352941175,0.24803294117647057,0
0.10489882352941175,0.24803294117647057,0
0.19705882352941176,0.38626823529411763,0
0.19705882352941176,0.38626823529411763,0
0.6529411764705882,0.47254588235294115,1
0.6529411764705882,0.47254588235294115,1
0.4392141176470588,0.49019294117647055,1
0.4392141176470588,0.49019294117647055,1
0.4264705882352941,0.46273882352941176,1
0.4264705882352941,0.46273882352941176,1
0.8509764705882352,0.6813694117647059,2
0.8509764705882352,0.6813694117647059,2
-0.014705882352941176,0.2735247058823529,0
-0.014705882352941176,0.2735247058823529,0
0.1411764705882353,0.4254870588235294,0
0.1411764705882353,0.4254870588235294,0
0.2215670588235294,0.38626823529411763,0
0.2215670588235294,0.38626823529411763,0
0.7215670588235295,0.2333270588235294,1
0.7215670588235295,0.2333270588235294,1
0.23921411764705883,0.43528941176470587,0
0.23921411764705883,0.43528941176470587,0
0.5754870588235294,0.55784,1
0.5754870588235294,0.55784,1
0.4862729411764706,0.5274447058823529,1
0.4862729411764706,0.5274447058823529,1
0.10195764705882351,0.33136941176470586,0
0.10195764705882351,0.33136941176470586,0
0.9666588235294119,0.7470541176470588,2
0.9666588235294119,0.7470541176470588,2
0.836270588235294,0.71176,2
0.836270588235294,0.71176,2
0.009802352941176463,0.2745035294117647,0
0.009802352941176463,0.2745035294117647,0
0.8578352941176471,0.6058776470588235,2
0.8578352941176471,0.6058776470588235,2
0.07744941176470588,0.34117176470588234,0
0.07744941176470588,0.34117176470588234,0
0.1950964705882353,0.40489882352941176,0
0.1950964705882353,0.40489882352941176,0
0.3205882352941177,0.31273882352941174,0
0.3205882352941177,0.31273882352941174,0
0.24705882352941178,0.48038588235294116,0
0.24705882352941178,0.48038588235294116,0
0.3411764705882353,0.5843105882352941,0
0.3411764705882353,0.5843105882352941,0
0.24019294117647058,0.4205835294117647,0
0.24019294117647058,0.4205835294117647,0
0.32941176470588235,0.6215623529411765,0
0.32941176470588235,0.6215623529411765,0
0.6911764705882353,0.22940705882352938,1
0.6911764705882353,0.22940705882352938,1
0.6254870588235294,0.4470541176470588,2
0.6254870588235294,0.4470541176470588,2
0.7607764705882354,0.5441129411764706,2
0.7607764705882354,0.5441129411764706,2
0.8225411764705883,0.41960470588235294,2
0.8225411764705883,0.41960470588235294,2
0.26372235294117646,0.33136941176470586,0
0.26372235294117646,0.33136941176470586,0
0.47058823529411764,0.6911717647058824,0
0.47058823529411764,0.6911717647058824,0
0.6637223529411764,0.41470117647058824,1
0.6637223529411764,0.41470117647058824,1
0.2980376470588235,0.4666635294117647,0
0.2980376470588235,0.4666635294117647,0
0.05195764705882351,0.3107811764705882,0
0.05195764705882351,0.3107811764705882,0
0.3735294117647059,0.5441129411764706,0
0.3735294117647059,0.5441129411764706,0
0.4676470588235294,0.47646588235294113,1
0.4676470588235294,0.47646588235294113,1
0.08431058823529411,0.26078117647058824,0
0.08431058823529411,0.26078117647058824,0
0.15392,0.40489882352941176,0
0.15392,0.40489882352941176,0
0.7588235294117647,0.6107811764705883,2
0.7588235294117647,0.6107811764705883,2
0.8048941176470589,0.5127388235294117,2
0.8048941176470589,0.5127388235294117,2
0.1519576470588235,0.24999529411764704,0
0.1519576470588235,0.24999529411764704,0
0.34411764705882353,0.50784,0
0.34411764705882353,0.50784,0
0.46568470588235295,0.546075294117647,1
0.46568470588235295,0.546075294117647,1
0.8470588235294118,0.66176,2
0.8470588235294118,0.66176,2
0.34215529411764706,0.6509741176470588,1
0.34215529411764706,0.6509741176470588,1
0.2303905882352941,0.33038588235294114,0
0.2303905882352941,0.33038588235294114,0
0.17647058823529413,0.3794070588235294,0
0.17647058823529413,0.3794070588235294,0
0.9519529411764707,0.8264611764705884,2
0.9519529411764707,0.8264611764705884,2
0.12450823529411764,0.31764235294117643,0
0.12450823529411764,0.31764235294117643,0
0.9127411764705882,0.5686211764705882,2
0.9127411764705882,0.5686211764705882,2
0.1803905882352941,0.28136941176470587,0
0.1803905882352941,0.28136941176470587,0
0.24019294117647058,0.5107811764705882,0
0.24019294117647058,0.5107811764705882,0
0.10980235294117646,0.31176,0
0.10980235294117646,0.31176,0
0.19019294117647056,0.41568,0
0.19019294117647056,0.41568,0
0.546075294117647,0.42450352941176467,1
0.546075294117647,0.42450352941176467,1
0.23823529411764705,0.42156235294117644,0
0.23823529411764705,0.42156235294117644,0
0.2166635294117647,0.4166635294117647,0
0.2166635294117647,0.4166635294117647,0
0.2127435294117647,0.4127388235294117,0
0.2127435294117647,0.4127388235294117,0
0.45489882352941174,0.4843105882352941,1
0.45489882352941174,0.4843105882352941,1
0.6548988235294118,0.45783999999999997,1
0.6548988235294118,0.45783999999999997,1
0.5294117647058824,0.5852894117647058,1
0.5294117647058824,0.5852894117647058,1
0.2598023529411765,0.48725176470588233,0
0.2598023529411765,0.48725176470588233,0
0.8470588235294118,0.7196047058823529,2
0.8470588235294118,0.7196047058823529,2
0.16078117647058823,0.27058352941176467,0
0.16078117647058823,0.27058352941176467,0
0.4362729411764706,0.503915294117647,1
0.4362729411764706,0.503915294117647,1
-0.09804235294117648,0.10195764705882351,0
-0.09804235294117648,0.10195764705882351,0
0.16372235294117646,0.7862729411764706,1
0.16372235294117646,0.7862729411764706,1
0.20784,0.46764235294117645,0
0.20784,0.46764235294117645,0
0.43039058823529414,0.6490164705882353,1
0.43039058823529414,0.6490164705882353,1
0.8774470588235294,0.5548988235294118,2
0.8774470588235294,0.5548988235294118,2
0.4519576470588235,0.6607811764705882,1
0.4519576470588235,0.6607811764705882,1
0.09117647058823529,0.24509176470588231,0
0.09117647058823529,0.24509176470588231,0
0.8911764705882353,0.71176,2
0.8911764705882353,0.71176,2
0.5392141176470588,0.3784282352941176,1
0.5392141176470588,0.3784282352941176,1
0.5009788235294118,0.5686211764705882,1
0.5009788235294118,0.5686211764705882,1
0.4264705882352941,0.48528941176470586,0
0.4264705882352941,0.48528941176470586,0
0.2343105882352941,0.3450917647058823,0
0.2343105882352941,0.3450917647058823,0
0.5715670588235294,0.43528941176470587,1
0.5715670588235294,0.43528941176470587,1
0.43529411764705883,0.6382305882352941,1
0.43529411764705883,0.6382305882352941,1
0.6441176470588236,0.38725176470588235,1
0.6441176470588236,0.38725176470588235,1
0.5147058823529411,0.50784,1
0.5147058823529411,0.50784,1
0.28823529411764703,0.7656847058823529,1
0.28823529411764703,0.7656847058823529,1
0.22744941176470587,0.36960470588235295,0
0.22744941176470587,0.36960470588235295,0
0.7048988235294118,0.3186211764705882,1
0.7048988235294118,0.3186211764705882,1
0.32941176470588235,0.6205835294117646,1
0.32941176470588235,0.6205835294117646,1
0.4313694117647059,0.5284282352941176,1
0.4313694117647059,0.5284282352941176,1
0.5294117647058824,0.45489882352941174,2
0.5294117647058824,0.45489882352941174,2
0.38333176470588237,0.546075294117647,1
0.38333176470588237,0.546075294117647,1
0.06862588235294118,0.2764658823529412,0
0.06862588235294118,0.2764658823529412,0
0.9343058823529413,0.5901929411764706,2
0.9343058823529413,0.5901929411764706,2
0.45392,0.5235247058823529,1
0.45392,0.5235247058823529,1
0.6813694117647059,0.51176,2
0.6813694117647059,0.51176,2
0.12352941176470589,0.2666635294117647,0
0.12352941176470589,0.2666635294117647,0
0.4235294117647059,0.5843105882352941,1
0.4235294117647059,0.5843105882352941,1
0.18333176470588233,0.29803294117647056,0
0.18333176470588233,0.29803294117647056,0
1.0823529411764705,0.734310588235294,2
1.0823529411764705,0.734310588235294,2
0.9411764705882353,0.8215670588235294,2
0.9411764705882353,0.8215670588235294,2
0.47352941176470587,0.5872517647058824,1
0.47352941176470587,0.5872517647058824,1
0.788235294117647,0.6058776470588235,2
0.788235294117647,0.6058776470588235,2
0.4,0.6588188235294118,0
0.4,0.6588188235294118,0
0.12941176470588237,0.22156235294117643,0
0.12941176470588237,0.22156235294117643,0
0.4666635294117647,0.65784,1
0.4666635294117647,0.65784,1
0.37941176470588234,0.5176423529411764,0
0.37941176470588234,0.5176423529411764,0
0.2254870588235294,0.4411717647058823,0
0.2254870588235294,0.4411717647058823,0
-0.012748235294117663,0.3382305882352941,0
-0.012748235294117663,0.3382305882352941,0
0.31372235294117645,0.6784282352941177,1
0.31372235294117645,0.6784282352941177,1
0.7901882352941177,0.6990164705882352,2
0.7901882352941177,0.6990164705882352,2
0.28333176470588234,0.39411294117647055,0
0.28333176470588234,0.39411294117647055,0
0.6696047058823529,0.43920941176470585,2
0.6696047058823529,0.43920941176470585,2
